Year,World,Afghanistan,Albania,Algeria,American Samoa,Andorra,Angola,Antigua and Barbuda,Argentina,Armenia,Aruba,Australia,Austria,Azerbaijan,"Bahamas, The",Bahrain,Bangladesh,Barbados,Belarus,Belgium,Belize,Benin,Bermuda,Bhutan,Bolivia,Bosnia and Herzegovina,Botswana,Brazil,British Virgin Islands,Brunei Darussalam,Bulgaria,Burkina Faso,Burundi,Cabo Verde,Cambodia,Cameroon,Canada,Cayman Islands,Central African Republic,Chad,Channel Islands,Chile,China,Colombia,Comoros,"Congo, Dem. Rep.","Congo, Rep.",Costa Rica,Cote d'Ivoire,Croatia,Cuba,Curacao,Cyprus,Czech Republic,Denmark,Djibouti,Dominica,Dominican Republic,Ecuador,"Egypt, Arab Rep.",El Salvador,Equatorial Guinea,Eritrea,Estonia,Eswatini,Ethiopia,Faroe Islands,Fiji,Finland,France,French Polynesia,Gabon,"Gambia, The",Georgia,Germany,Ghana,Gibraltar,Greece,Greenland,Grenada,Guam,Guatemala,Guinea,Guinea-Bissau,Guyana,Haiti,Honduras,"Hong Kong SAR, China",Hungary,Iceland,India,Indonesia,"Iran, Islamic Rep.",Iraq,Ireland,Isle of Man,Israel,Italy,Jamaica,Japan,Jordan,Kazakhstan,Kenya,Kiribati,"Korea, Dem. People’s Rep.","Korea, Rep.",Kosovo,Kuwait,Kyrgyz Republic,Lao PDR,Latvia,Lebanon,Lesotho,Liberia,Libya,Liechtenstein,Lithuania,Luxembourg,"Macao SAR, China",Madagascar,Malawi,Malaysia,Maldives,Mali,Malta,Marshall Islands,Mauritania,Mauritius,Mexico,"Micronesia, Fed. Sts.",Moldova,Monaco,Mongolia,Montenegro,Morocco,Mozambique,Myanmar,Namibia,Nauru,Nepal,Netherlands,New Caledonia,New Zealand,Nicaragua,Niger,Nigeria,North Macedonia,Northern Mariana Islands,Norway,Oman,Pakistan,Palau,Panama,Papua New Guinea,Paraguay,Peru,Philippines,Poland,Portugal,Puerto Rico,Qatar,Romania,Russian Federation,Rwanda,Samoa,San Marino,Sao Tome and Principe,Saudi Arabia,Senegal,Serbia,Seychelles,Sierra Leone,Singapore,Sint Maarten (Dutch part),Slovak Republic,Slovenia,Solomon Islands,Somalia,South Africa,South Sudan,Spain,Sri Lanka,St. Kitts and Nevis,St. Lucia,St. Martin (French part),St. Vincent and the Grenadines,Sudan,Suriname,Sweden,Switzerland,Syrian Arab Republic,Tajikistan,Tanzania,Thailand,Timor-Leste,Togo,Tonga,Trinidad and Tobago,Tunisia,Turkey,Turkmenistan,Turks and Caicos Islands,Tuvalu,Uganda,Ukraine,United Arab Emirates,United Kingdom,United States,Uruguay,Uzbekistan,Vanuatu,"Venezuela, RB",Vietnam,Virgin Islands (U.S.),West Bank and Gaza,"Yemen, Rep.",Zambia,Zimbabwe
1990,5548.906085,,2548.875438,6916.718865,,,3267.067004,11595.09015,7195.691444,2773.937657,23309.02052,17332.33387,19436.76437,5360.070529,21497.15541,26875.5967,850.5049937,9579.67602,5232.078293,18653.79622,3335.078203,1259.572448,29458.44947,1507.333638,2374.677915,,5682.074439,6701.209044,,55913.65093,7536.986887,589.9031981,615.0721012,1063.563307,,1855.409069,20150.78799,,635.4388309,698.3795766,,4511.169978,982.3360582,5012.220433,1587.427922,882.7730891,3231.385037,5057.537866,2053.966947,,,,13323.85439,12656.24108,18210.3067,,4299.051517,3668.379743,4829.933123,3713.489044,2915.88536,653.931747,,,3518.530554,415.0237011,,4200.875082,18132.6524,17619.20875,,12395.61957,1557.057844,5730.909932,19427.50938,1237.362489,,13287.2558,,4729.104716,,3378.436847,882.8879883,1012.667471,2129.457397,1382.347846,2052.132456,18270.24386,,21978.11574,1201.668487,3082.082339,7217.414715,,13734.34695,,15150.57714,18603.49618,4765.927775,19561.20164,4162.969004,8270.779757,1476.470678,1261.458411,,8392.41101,,,2546.332254,1025.760018,,3839.270302,813.2402636,,,,,29656.33484,27082.01844,1212.980734,469.1823932,6818.401982,,804.2250455,9335.808073,1998.490655,2639.023737,4946.528685,8081.836061,1770.813903,,,3346.569359,,2549.079851,291.4913559,425.3340021,3653.938293,,751.8355804,19139.94975,,14857.3451,1975.413575,757.2431487,2059.134786,5526.361497,,18427.23184,23593.93305,1923.528703,,5045.017921,1439.246666,5391.603019,3361.406815,2665.120307,6173.862412,11758.36265,13423.48565,,5270.649382,8027.845591,558.2357869,2397.690998,,,32087.70671,1476.50368,,8966.231977,776.4069664,23835.36946,,,12356.93107,1221.941509,,6420.883862,,13660.53362,2306.770067,9360.396349,6824.589614,,3741.731028,1130.580203,6616.760016,20388.17585,27586.76073,,2641.267528,959.6029328,4311.669928,,833.4761703,2321.4358,7059.864763,3613.823281,8518.552159,5436.64605,,1542.80705,669.3589371,7305.143404,87226.53927,16818.96407,23888.60001,6390.028828,2493.490117,1654.986462,9600.958962,917.674244,,,2068.635871,1475.717843,1773.739294
1991,5751.706705,,1908.666551,6893.121808,,,3299.500756,12085.9845,8005.465558,2555.995824,25020.50717,17784.35669,20579.13804,5417.78633,20904.37894,30066.26308,888.9973526,9482.191997,5341.485262,19565.28482,3771.2218,1312.125799,29530.09445,1540.839937,2530.238339,,6124.063285,6909.921746,,57945.70001,7204.824567,647.5960217,652.5328462,1088.305239,,1790.706364,20145.92547,,637.0081662,758.95186,,4952.538482,1094.901246,5182.768569,1507.590492,805.6037097,3328.091181,5209.015582,2049.113072,,,,13521.70912,11592.31127,19039.02918,,4507.158228,3756.148508,5087.439165,3795.057799,3018.23741,648.0109744,,,3601.506454,384.6039924,,4186.444625,17541.45833,18304.25871,,13231.67837,1597.731201,4641.831057,20957.20111,1308.329319,,13993.43947,,4950.142356,,3524.386518,910.4204131,1075.751237,2331.178884,1427.435405,1993.467138,19800.20948,8310.045816,22409.30562,1230.086974,3347.8905,8194.615337,2678.337875,14389.83201,,15887.7509,19514.97951,5124.344318,20849.01756,4155.464744,7562.508792,1498.024026,1281.253495,,9486.821691,,,2384.017155,1075.511642,,5690.812788,879.292955,,,,,32866.21767,28216.50912,1141.058507,516.6356151,7517.49071,,909.1044428,9982.668571,2019.486498,2705.80679,5283.288313,8559.900134,1917.508938,,,3110.866638,,2774.441167,308.0332844,431.0690183,3965.621106,,805.4547021,20110.73741,,14561.1036,1993.389742,756.9746271,2082.693132,5368.567241,,19544.69388,24758.45383,2030.186979,,5588.885963,1592.12728,5621.028624,3481.079936,2671.98528,5913.854896,12716.27751,14097.14655,,4786.389788,7857.906215,578.8799254,2404.131051,,,36925.56487,1519.186606,,9399.291813,816.0821133,25552.04336,,,11630.50786,1301.90128,,6410.445452,,14445.25472,2464.612444,9468.320827,6981.977237,,3901.601387,1224.537227,6891.909321,20694.56529,27907.50625,,2481.847603,979.5345082,4781.953025,,835.9888222,2549.149842,7476.870467,3796.530977,8738.073017,5212.778826,,1631.85764,706.0534595,6902.485823,85847.32201,17145.47589,24342.2589,6791.7227,2511.017427,1716.157872,10640.11289,984.2942889,,,2163.770385,1486.270958,1890.124261
1992,5921.408181,,1822.880298,7010.394905,,,3075.122933,12290.47004,8719.101682,1549.084965,25661.319,18176.89108,21253.56497,4224.438786,20174.73122,31972.89073,937.5730556,9112.075232,4928.1088,20235.19857,4251.229025,1334.477698,30404.46825,1648.819952,2575.604276,,6270.321378,6915.312702,,60345.08765,6906.885483,646.2554711,659.8399257,1201.785602,,1723.39807,20550.63354,,593.0389087,812.0253815,,5622.777359,1263.473584,5408.870525,1625.269655,709.285661,3397.950779,5668.227573,2017.253282,,,,14732.6467,11784.37705,19788.45434,,4692.117403,4193.273522,5192.581509,3969.291998,3258.456481,864.2844148,813.9635626,,3707.132083,346.5837062,,4487.706282,17248.15996,18926.4629,,12764.49404,1632.133826,2595.752954,21682.58841,1350.453981,,14302.86407,,4983.435734,,3681.213069,935.6956813,1087.482827,2555.108217,1355.832847,2102.491161,21334.21781,8242.211364,21870.13549,1300.775055,3585.527826,8457.463296,3530.890974,15106.39875,,16915.94608,20112.57947,5296.466575,21451.67425,4768.083916,7329.986133,1471.639508,1302.957749,,10201.2634,,,2076.830673,1129.931092,,6437.065886,940.4412435,,,,,33775.22378,31913.73696,1146.428675,485.3328304,8159.296379,,878.052876,10579.40999,2175.210361,2747.316723,5680.382537,8936.047912,1987.121889,,,2854.324542,,2729.058924,285.5860923,477.6548219,4231.319883,,834.7203982,20762.3865,,14913.38029,2001.233252,764.1377697,2173.308976,5142.400889,,20585.46633,26214.30464,2174.961246,,6058.216594,1811.505767,5701.087785,3472.639704,2676.088743,6181.768898,13157.97798,14979.47349,,4506.804357,6862.462729,662.5413658,2431.862101,,,38114.12865,1526.927019,,10254.79096,676.1284753,27044.76875,,7163.00048,11262.18966,1458.650228,,6258.189514,,14838.88568,2601.855812,10018.59469,7613.044341,,4238.152248,1300.712789,6948.460706,20798.59762,28218.17492,,1768.904487,973.9646602,5233.378566,,803.7524941,2609.620497,8367.49486,4095.756892,9320.025096,4405.00845,,1699.401701,722.3605799,6356.734162,85624.90581,17553.74261,25418.99078,7443.267518,2227.753902,1749.075218,11283.09354,1071.446782,,,2274.186226,1457.648807,1723.489857
1993,6085.079841,,2056.9674,6871.418624,,,2316.543643,12982.98807,9532.888696,1480.515155,26529.23395,19118.8705,21692.13399,3275.423184,20331.11834,36038.63154,983.4511052,9366.740084,4650.988237,20435.40844,4547.882594,1396.083603,31889.81102,1727.618376,2692.076368,,6375.624903,7287.075403,,60249.59039,7021.656511,666.1688552,621.0367308,1299.777096,1130.051875,1578.255035,21363.63348,,591.7454743,678.5591811,,6119.380195,1455.938928,5724.016222,1664.865215,604.3059913,3350.299252,6055.72455,1989.756044,,,,14824.91913,12058.50911,20192.07724,,4887.257038,4524.401903,5299.176554,4096.447098,3482.095441,949.7400698,953.3712002,5794.27824,3821.541368,387.3255226,,4626.669688,17450.52791,19169.85298,,13223.86325,1666.963277,1864.294865,21834.92225,1408.693341,,14322.95608,,4947.351555,,3817.792589,979.7574841,1111.492567,2808.684637,1287.799532,2228.490014,22798.97555,8398.455385,22452.89124,1367.636688,3845.202251,8609.704478,4572.156562,15801.5228,,17556.69116,20401.01895,5876.357335,21792.3356,4834.95548,6858.65928,1464.965953,1328.54606,,11054.26185,,,1796.848315,1193.379948,,6916.754744,974.6645614,,,,,35547.43979,33632.15183,1162.868637,543.6167911,8951.920938,,903.1993123,11202.88397,2332.732208,2901.90803,6038.472407,8555.64056,2146.326319,,,2804.743895,,2725.603642,310.6000783,512.5994766,4158.587636,,863.5026676,21372.11848,,15956.77847,1995.791893,759.6156245,2125.63965,4882.408189,,21544.17474,27237.12245,2204.181197,,6406.729728,2141.998176,5975.69808,3670.785997,2731.357367,6548.118895,13178.38775,15912.01549,,4690.497087,6419.51646,666.8718971,2566.286918,,,37443.80712,1537.885105,,10918.36554,704.7036291,30088.18296,,7457.293044,11885.13516,1509.100973,,6328.21145,,14956.01456,2817.420983,10836.95573,7748.734059,,4519.52445,1356.601219,6522.164569,20730.81387,28588.80602,,1489.260296,975.620979,5747.092485,,684.1710003,2766.727517,8460.9962,4195.922796,10143.21838,4450.407175,,1795.023915,775.3842214,5578.520707,83847.70353,18379.48252,26387.29373,7764.807408,2178.022015,1752.304542,11329.15912,1162.147546,,,2300.491347,1555.847484,1751.973834
1994,6317.529994,,2289.3364,6812.439525,,,2321.581288,13845.13892,10175.12512,1632.342879,27714.71661,20051.38021,22600.3979,2650.261176,21048.21647,35822.75739,1021.430916,9721.580356,4199.440345,21479.00662,4558.743162,1405.70911,32539.60977,1854.312995,2818.55836,953.1351971,6583.556511,7712.671674,,61767.23408,7326.814524,670.7948186,599.5692084,1538.666047,727.1105527,1600.544875,22555.34238,,616.0244465,738.8614487,,6568.780825,1662.224051,6070.674483,1565.383394,571.962353,3144.843549,6300.890201,1979.553236,,,,15706.59805,12669.73736,21649.74637,,4978.415091,4656.492328,5518.683731,4263.635095,3675.416801,1092.82805,1191.114145,5946.618467,3909.153772,394.2678009,,4897.405344,18444.74414,19966.48469,,13643.65048,1653.215451,1732.544926,22756.90835,1445.430042,,14846.84837,,5080.540759,,3956.820894,1013.379748,1146.36977,3093.93153,1136.536829,2217.372852,24141.5176,8842.690841,23554.87106,1461.183432,4156.647791,8536.727173,4704.772125,17000.73025,,18771.1393,21280.52663,6025.544027,22402.2663,4938.988369,6211.94844,1489.242842,1363.135527,,12219.71277,,,1467.131134,1286.047203,,7284.222437,1032.850394,,,,,37183.92352,35090.7016,1151.667221,496.5608459,9739.125574,,931.9516732,11976.17917,2503.293197,2800.570192,6333.217086,9014.381915,2136.947305,,,2903.591752,,3028.392207,324.9199652,556.2960436,4221.187963,,929.4122851,22339.76532,,17090.04867,2061.855056,762.6352326,2079.134407,4904.73988,,22985.3814,27870.46827,2271.821923,,6593.29686,2264.382142,6275.548403,4132.378536,2844.302265,7027.077981,13553.13875,16775.5406,,4986.266574,5734.413877,357.5612868,2530.606747,,,37504.46749,1526.962856,,10771.44393,708.8764842,33086.81823,,8057.381849,12800.44447,1635.921633,,6517.193978,,15565.13557,3010.234809,11520.12923,7947.936609,,4557.593713,1363.291713,6775.925595,21847.65767,29335.25364,,1178.979346,980.3135714,6281.351868,,785.6210745,2960.1186,8907.645939,4336.934477,9640.002757,3663.797009,,2009.212205,816.3640749,4412.745054,86706.29824,19453.51988,27694.85342,8445.861896,2067.860108,1899.661094,11058.4165,1268.183663,,2113.451155,2391.182529,1417.095949,1925.309811
1995,6574.94288,,2665.140064,7083.012459,,,2639.510275,13230.59946,9969.600598,1818.286948,27707.43423,20878.66351,23653.65842,2359.216402,22083.25182,37059.51522,1073.104203,10084.89136,3854.031976,22405.3678,4564.744011,1472.633753,34436.09246,2016.796819,2950.813427,1208.524795,7022.209897,8090.89,,64188.11875,7728.747551,704.3992257,555.3675293,1748.308056,789.9790017,1644.929594,23403.48152,,655.8897651,738.7249065,,7351.828861,1862.547933,6401.813731,1610.215915,569.3272988,3246.024302,6534.353733,2094.279263,7958.914552,,,17064.73832,13748.59134,22654.58398,,5232.770513,4937.329829,5636.989744,4464.639303,3883.602772,1264.2179,1258.913,6460.460136,4096.957023,413.2200465,,5060.220068,19550.958,20739.54933,,14249.36757,1650.919118,1884.359102,23521.44473,1495.575098,,15404.30116,,5248.086045,,4136.965441,1054.235719,1196.646791,3307.302177,1251.805927,2336.588593,24738.07613,9175.348211,23946.55892,1574.317971,4522.29295,8791.055054,4756.755869,18932.17462,,19892.24724,22353.60018,6235.154503,23409.64029,5146.235687,5925.059979,1540.713717,1372.863024,,13549.11976,,59930.61637,1402.579196,1373.253055,5489.763591,7636.047893,1067.826918,,,,5922.32626,39624.41525,36266.98434,1159.278632,585.8487414,10648.77129,6178.421032,935.1350457,12912.4821,2752.430689,3061.197716,6685.520676,8482.613062,2302.245935,3186.275181,,3129.431784,,2879.881425,327.4851357,600.253426,4378.592183,,957.4600355,23403.01277,,17906.58815,2184.883948,769.4268586,2069.024217,4947.895546,,24315.97058,29119.60563,2367.412437,,6710.576326,2182.968138,6685.601123,4448.21201,2969.972035,7662.771571,14380.07888,17741.76518,,5419.109825,5613.280647,502.0854711,2734.052415,,,37498.53369,1599.292961,4827.345301,10747.33307,666.743052,35129.55709,,8681.575531,13602.6579,1757.265627,,6715.798769,,16257.79976,3216.00947,12260.20073,8155.994511,,5015.424353,1436.815615,6812.384051,23063.84694,29893.96157,,1038.583167,1006.721015,6864.794848,,843.3959329,3126.627153,9405.685495,4453.790385,10383.22142,3394.788601,,1939.043146,901.3116128,3987.005671,89724.48933,20516.48073,28690.8757,8437.168546,2054.754318,1912.177136,11492.13185,1394.461478,,2210.150531,2473.224058,1451.605192,1943.08354
1996,6863.400202,,2979.367775,7377.936674,,,2955.356381,14055.08574,10586.11057,1990.577896,27562.45967,21957.40164,24516.64812,2409.193306,23124.24596,38272.78837,1118.100879,10634.17167,4047.990731,22703.99645,4566.84936,1516.003958,35749.35698,2140.611054,3072.635727,2365.334748,7388.845352,8288.17895,,65587.41174,6836.628723,774.5899983,514.0202756,1935.97062,826.5393851,1701.699581,23963.9676,,624.5966732,743.3714359,,8011.571096,2063.219224,6535.529513,1574.686887,557.9703626,3350.421811,6575.337982,2224.558946,8680.625808,,,17288.67269,14575.97003,23698.8801,,5506.579629,5238.828424,5715.879377,4678.064412,3944.068928,2065.154641,1405.606253,6870.955277,4246.731917,458.3263627,,5338.51902,20051.91461,21320.53476,,14657.87443,1666.097342,2212.643891,24035.44037,1552.143362,,16121.00736,,5541.966629,,4234.345761,1092.263697,1333.003203,3638.160937,1303.475625,2355.479693,25123.54086,9335.54523,24771.69469,1691.80478,4891.439326,9286.327111,5213.703448,20468.68462,,20722.87679,23017.71312,6280.316796,24515.11614,5187.066584,6156.254923,1587.053612,1400.433936,,14724.27911,,60606.38594,1506.975557,1463.659767,5776.003306,8456.238457,1127.051964,,,,6376.143738,41322.56097,36041.36969,1168.872406,628.8313746,11627.62003,6653.917509,993.341178,13668.09053,2510.2735,3216.24223,7115.206162,9076.087735,2253.197402,3060.050313,,3231.873701,,3248.057903,359.7602896,642.5660013,4502.826943,,1003.033716,24471.65244,,18463.76882,2321.435808,759.5351563,2141.347819,5082.339181,,26777.68328,30113.68323,2456.694755,,6968.215574,2337.537299,6758.412681,4570.917225,3128.628438,8250.350074,14894.97383,18278.41787,,5735.258389,5517.85889,559.5139917,2964.616026,,,38378.79081,1619.835079,5228.847381,11315.06228,689.4637957,36914.29067,,9390.641296,14282.71593,1767.771708,,6996.858687,,16949.40814,3376.321566,13089.41981,8435.264554,,5175.821744,1508.848254,6907.040987,23891.27085,30526.43853,,867.9505446,1043.810336,7304.166781,,908.3945535,3174.378732,10233.9132,4785.010798,11116.07849,3620.162375,,1851.858523,971.5863025,3686.570658,91943.13737,21840.67963,29967.71272,9006.369506,2087.63373,1951.175232,11442.24077,1528.980795,,2178.21299,2540.532206,1529.234118,2158.973244
1997,7156.018257,,2716.725188,7466.139345,,,3122.898809,14757.70638,11507.89833,2115.611643,29222.89491,22924.91501,25418.14922,2567.987405,23725.70778,39039.63478,1163.617138,11282.23115,4606.719594,23724.26593,4638.422822,1581.943093,37807.2562,2251.935694,3215.091009,3258.118918,7953.384279,8582.067746,,64190.98622,5748.481972,814.7223501,509.3573911,2141.080361,850.0465456,1774.151981,25167.31015,,652.4350725,772.0534004,,8637.330617,2269.189052,6758.271111,1622.157268,522.6319546,3290.667002,6896.548724,2275.401316,9461.580385,,,17774.64035,14727.19128,24920.00413,,5751.267814,5708.188068,5940.06864,4920.254365,4097.282052,5049.627363,1543.829478,7966.306455,4371.165727,466.471214,,5255.160729,21787.1521,22236.25136,,15374.18222,1723.916857,2568.643336,24564.40671,1604.149406,,17150.138,,5887.290096,,4390.576878,1138.426333,1416.487111,3944.283126,1337.494984,2435.428698,26637.40199,9821.531043,26904.18264,1757.514713,5134.507942,9365.500092,6233.092431,22620.31831,,21394.61162,23867.79558,6253.966069,25146.20043,5320.990246,6470.298906,1576.527392,1425.134521,,15744.78127,,60095.58578,1660.561941,1559.987455,6465.938329,8579.325431,1168.55698,,,,7068.317313,42836.16249,35833.54831,1194.690845,648.2739135,12373.31493,7207.524471,1032.31878,15126.64412,2392.896969,3061.116496,7554.371329,9712.091271,2149.975678,3175.811557,,3387.684523,,3208.42229,396.469756,681.7684644,4676.349103,,1048.377807,26008.26606,,19136.82128,2411.359515,757.0913411,2187.134968,5217.791387,,28599.0163,32291.95606,2452.98248,,7393.989237,2229.462976,7008.228441,4861.12249,3272.929774,8920.160547,15783.37957,19320.60802,,5562.197511,5699.947617,606.9301917,3019.213326,43195.36941,,38712.27844,1658.671682,5718.357998,12736.63574,656.6871474,39332.06578,,10082.73219,15277.65022,1723.504541,,7175.762902,,17906.71606,3634.038699,14097.91233,8403.771306,,5453.748539,1651.838709,7329.371326,24797.46553,31805.13311,,884.5963232,1072.94166,7140.453314,,1024.601917,3213.319953,11173.11784,5062.557053,11962.74331,3212.001034,,2072.231726,1008.882437,3670.940337,96179.97228,23034.58522,31459.139,9875.500842,2192.338727,2044.257776,12136.00288,1658.925313,,2429.503865,2633.327465,1571.543627,2233.395175
1998,7294.343767,,3021.007273,7817.021883,,,3201.146301,15305.45061,11949.41602,2313.620772,29509.87661,24172.6781,26674.52283,2829.595097,24844.32243,40104.84514,1212.188039,11784.11657,5073.961933,24368.44486,4682.979874,1614.630052,39433.1515,2357.821978,3347.609937,3810.544348,7897.108925,8575.873517,,63097.46178,6177.586149,859.6632283,534.0240262,2387.448376,876.4387838,1826.595182,26220.44316,,674.2806721,806.3713596,,8995.76512,2450.94996,6758.525404,1618.152642,508.0735765,3353.407974,7293.122225,2343.416203,9785.066687,,,18758.48335,14906.35879,25813.57037,,6071.087947,6062.52209,6077.540637,5149.258254,4215.603163,6071.15901,1580.77583,8438.264699,4459.14021,442.2196067,,5333.466756,23576.49425,23359.00991,,15692.99711,1749.542543,2745.296812,25344.59352,1656.988375,,18033.46202,,6623.696121,,4552.887328,1163.030429,1010.413284,3943.512627,1357.721513,2479.606627,25141.81782,10397.90563,28688.15412,1852.810434,4447.174415,9550.778708,8241.013386,25059.4014,,22039.41885,25020.59606,6117.622621,25074.05754,5435.00193,6530.560445,1601.281418,1509.900051,,14976.42191,,58839.32869,1688.776658,1610.076877,7047.96123,8908.460899,1182.176529,,,,7762.968137,44396.39103,33882.97879,1216.383618,662.5540399,11302.46027,7700.276357,1094.128575,15868.60609,2404.482403,3101.704328,8018.503897,10173.16543,2241.770228,3002.661909,,3510.281604,,3434.526668,429.8072797,720.5408838,4789.841592,,1069.747427,27708.45213,,19341.0012,2486.270977,811.8660725,2213.016735,5435.745778,,28185.85861,33486.98729,2472.432063,,7865.194739,2117.058985,6939.563346,4811.261923,3218.357198,9471.41188,16686.73942,20500.48841,,5544.238804,5465.056362,616.037031,3106.290814,46456.42296,,39514.78484,1735.06602,5998.620854,13691.9391,668.8076822,37602.17799,,10622.82464,16055.75135,1725.436455,,7176.812684,,19096.24554,3828.18522,14066.7954,8908.172199,,5745.67771,1695.543271,7488.842978,25887.34776,32918.50202,,928.1710156,1099.551234,6589.599792,,980.2914309,3323.627061,12198.97347,5299.723025,9095.92024,3432.76901,,2418.057444,1039.775363,3674.412965,92627.86598,23636.93723,32853.67698,10371.68566,2275.426471,2119.046609,12070.41225,1751.985006,,2738.149398,2741.47236,1539.960874,2305.135367
1999,7552.029758,,3471.654864,8068.555519,,,3212.121577,15789.46794,11581.89051,2439.911173,29718.16982,25264.36436,27606.48303,3055.925307,26685.36955,40910.65311,1261.344434,11944.81236,5344.658213,25440.84119,4978.575553,1675.2458,41124.84788,2522.474162,3344.228533,4226.449708,8597.678389,8611.90023,,64533.30594,5807.816107,910.5799498,529.2837024,2642.86522,977.9492345,1882.777095,27745.80655,,692.204671,783.8301471,,8977.117498,2653.897815,6460.906329,1630.51245,481.9072515,3219.326243,7528.773961,2348.930354,9843.804841,,,19662.69258,15324.10643,26653.8239,,6211.568504,6414.743194,5758.073129,5431.88583,4333.670239,7429.741411,1581.613248,8419.571355,4590.530334,458.3056899,,5841.722728,24767.28067,24307.49879,,14147.01237,1830.711971,2924.39146,26291.21108,1712.409433,,18464.7321,,7154.032349,,4683.991908,1195.303484,1015.491637,4141.416817,1390.10198,2427.916464,25895.62449,10873.24786,29523.1903,2009.215688,4484.069232,9646.541266,9533.392599,26995.26129,,22584.93854,25602.38947,6214.271393,25325.70726,5601.982324,6868.835504,1616.519885,1482.397588,,16807.12948,,55001.06186,1749.59438,1722.281188,7390.392737,8859.466808,1191.70027,,17287.19311,,7821.640848,50627.92776,32858.02908,1251.884217,673.2994728,11875.80867,8140.068937,1142.074856,16962.22997,2405.38236,3178.818442,8241.220605,10448.8234,2314.526959,2948.042426,,3638.539525,,3477.877863,474.8817049,800.94008,4930.961959,,1111.289064,29268.5361,,20579.36592,2656.142686,794.0691989,2202.409804,5703.946838,,30555.04906,33882.33516,2529.009357,,8126.988818,2136.043337,6799.148437,4873.864819,3292.517024,10022.39536,17718.15157,21807.87374,,5596.468579,5914.326062,605.1473749,3205.72405,50814.4323,,37791.23403,1828.611772,5531.734658,13874.4235,652.9793022,40007.50679,,10714.17713,17083.25123,1694.652191,,7344.813243,,19954.29022,4029.04885,14596.57158,9159.960383,,5989.03241,1725.32515,7401.215136,27471.55827,33814.07929,,961.6835452,1142.625978,6910.330877,,987.5726093,3486.321463,13344.51154,5640.23019,8757.193371,4009.084833,,2410.993109,1106.885403,3755.244356,91710.39095,24414.68532,34513.5615,10264.50589,2381.723501,2117.833916,11294.75595,1840.440839,,2931.806098,2805.747562,1590.652501,2304.453059
2000,8003.696295,,3862.27205,8446.859524,,,3275.128628,16918.59609,11618.79607,2658.349518,32031.55543,26318.41621,29387.0283,3442.631932,28033.62627,42181.84257,1331.548275,12704.9357,5808.357426,27794.97786,5558.713836,1759.719075,45554.16772,2696.346456,3437.618867,4549.076518,8784.192313,9060.786399,,66439.33614,6424.397192,921.9398916,527.0808747,3032.126368,1082.434339,1941.697129,29265.72813,,674.4397401,765.5832569,,9553.566523,2920.515458,6690.373244,1801.767456,447.0821984,3439.906388,7836.927285,2291.441153,10604.2239,,22701.96044,21296.57684,16194.62811,28668.86342,,6516.257454,6760.125687,5838.902525,5794.125257,4447.649392,8617.72085,1528.581661,9437.242789,4721.955473,482.884561,,5836.739217,26794.75325,26100.3972,,13852.33901,1913.782992,3104.515679,27209.22724,1771.536004,,19523.51376,,7641.546655,,4842.216482,1224.34169,1072.51339,4192.80291,1409.025829,2591.332214,28253.19938,11857.61969,29717.56869,2095.647004,4743.944694,10309.06656,9591.040197,30184.95981,,24928.94548,27082.57698,6355.840073,26838.69136,5864.599142,7733.789443,1617.534955,1583.087611,,18551.26112,3561.049515,56179.29502,1863.73919,1831.969162,8017.565047,8952.107609,1257.418952,993.4005204,18043.57605,,8459.605057,55361.9323,34742.67263,1295.847874,680.7341574,12913.17214,8460.491404,1134.541156,18289.72215,2476.246796,3041.067913,9027.425525,11089.81343,2489.404433,3083.73543,,3729.249944,6004.078797,3579.348846,478.2943348,920.6647465,5127.953028,,1184.843133,31882.75531,,21519.15723,2783.256724,774.7916043,2306.114579,6128.535203,,36950.32475,36300.39867,2625.261887,9889.832612,8367.744178,2081.455362,6653.981914,5043.267181,3439.538853,10655.42549,18883.74321,22961.29087,96822.9534,5850.29903,6825.391511,633.918296,3487.169914,52469.8279,,39882.62318,1884.199391,6021.382546,14271.41998,693.0118374,43833.22096,,11380.83103,18007.96618,1445.486229,,7714.908384,,21592.33515,4339.68402,16303.96737,9265.63521,,6221.780038,1824.609909,7634.294048,29629.37542,35763.01086,,1048.461111,1191.283555,7302.891417,1268.201273,972.4555158,3665.902526,14547.30431,5978.966297,9586.027444,4275.009442,,2428.493554,1132.748315,4106.835391,98363.73131,26413.43354,36334.90878,10255.09471,2493.602299,2247.43859,11748.99093,1987.30271,,2671.738553,2960.431354,1644.919437,2272.600322
2001,8279.007709,,4301.364166,8775.399134,,,3374.481997,16178.60205,11226.87734,2995.907863,31062.34929,27356.53206,29715.51204,3836.599591,28957.03739,42094.88315,1403.126044,12630.66493,6248.211382,28800.38793,5765.925113,1837.804034,49379.79119,2923.130991,3504.740044,4751.136926,8830.924757,9260.765959,,68350.53341,6961.936923,976.1610427,537.3595436,3113.103817,1164.580927,2017.011365,30107.87884,,704.2221645,841.1317012,,9972.651095,3210.083335,6843.737167,1838.378606,435.0763341,3546.384186,8141.051763,2289.125956,11613.50231,,23897.75198,22871.58828,17554.65934,29449.90744,,6653.953701,6973.541183,6094.348526,6015.095821,4554.856987,13807.93575,1639.997654,10326.28527,4837.101281,519.2718116,,6062.239601,27807.56942,27501.81394,,14117.75505,2004.731949,3377.051119,28380.6589,1837.24943,,20963.74856,,7620.281677,,4943.648282,1269.796277,1096.476154,4391.315343,1400.891571,2648.811862,28821.65901,13213.57383,31775.46819,2206.448183,4956.361151,10485.28808,9733.027731,32546.3937,,24921.59626,28045.72333,6533.383527,27472.5473,6194.307633,8985.6555,1669.330033,1567.041215,,19693.44323,4617.647527,55943.11872,1987.031711,1948.395686,9018.46788,9146.922629,1328.846545,1007.530091,17830.23032,,9451.723494,55895.38484,35683.19869,1360.818323,644.6779486,12976.6736,8104.711108,1299.113577,18419.34161,2668.129428,3000.580218,9459.232145,11129.86896,2604.705324,3351.094251,,3887.626852,6773.158065,3878.28899,532.5449249,1036.378184,5217.551923,,1247.790237,33194.37631,,22500.34022,2885.228461,817.8879943,2434.246219,6028.875315,,37780.46707,38303.6444,2709.028012,10598.36141,8435.268026,2079.355107,6612.483959,5120.06957,3545.733964,11102.08351,19533.24082,24893.0168,99035.42244,6521.439273,7361.363679,677.3888682,3790.586652,55899.42998,1841.878528,39240.7681,1965.906008,6484.728138,14240.75378,639.6249776,43136.43028,,12391.27334,18956.29,1323.152188,,7989.759965,,22959.00732,4335.367214,17373.89078,9062.323492,,6460.216484,1931.347003,8033.384172,29940.40419,36778.37465,,1155.127276,1258.106885,7648.854449,1479.697771,974.6235947,3860.989502,15431.5517,6286.661468,9215.220833,4510.659696,,2498.379457,1180.716259,4631.60673,96722.59638,27757.09244,37133.24281,10059.78167,2621.01248,2166.861084,12185.54261,2134.438361,,2413.658778,3051.178443,1724.6357,2347.49789
2002,8569.642431,877.0144235,4661.367207,9294.135581,,,3768.716445,16373.16,10052.48666,3463.98378,29847.92835,28718.24108,31178.69333,4233.440063,29715.51949,41932.24131,1453.2619,12887.73195,6709.845503,30282.28865,5963.817013,1895.00044,49099.09171,3229.545528,3580.8176,5136.513774,9347.827916,9568.063847,,70716.75937,7786.386557,1005.429745,554.9452616,3273.979655,1237.652993,2079.760209,30853.20132,,725.6150247,891.9220303,,10333.06366,3534.83387,7018.082533,1865.27044,441.8203085,3662.31892,8402.798411,2236.329086,12647.6092,,24342.34454,23556.24012,18189.23435,30640.34562,,6551.441467,7295.056532,6332.185874,6139.679075,4672.355458,16076.27956,1642.460552,11670.36527,5101.4045,520.3394291,,6344.806598,28605.12232,28523.88573,,13968.76836,1908.260825,3650.85722,29178.63747,1903.14627,,22615.93565,,7977.147794,,5097.529629,1329.799876,1078.804714,4513.825323,1395.906694,2720.274462,29631.0657,14526.38826,32524.02375,2287.63002,5190.36499,11283.10482,8937.560147,35212.09472,,25224.87874,28736.57711,6723.67298,28160.10761,6530.873833,10021.89696,1659.383235,1624.565342,,21396.83775,4654.64546,57617.37353,1999.672673,2064.431069,10052.59588,9170.331421,1363.595916,1037.121544,17653.70444,,10494.34923,58771.50927,38533.17222,1174.408877,649.9934312,13606.05103,8594.75459,1320.212706,19584.6137,2760.841073,3005.948569,9696.478906,11187.47762,2663.933093,3678.128467,,4095.939708,7100.27723,4014.238492,574.1411629,1167.577928,5470.341468,,1249.622466,34447.20532,,23306.27954,2911.117059,839.0021875,2780.792362,6305.372655,,37980.35398,37823.75816,2753.540648,10995.73072,8594.087985,2066.013057,6589.97221,5423.64343,3657.970447,11781.05635,20356.6473,25485.62659,103476.988,7162.320064,8037.474535,760.7722814,3994.694816,56226.24965,1880.512595,37667.03931,1961.682864,7224.548923,14200.58519,786.3705354,45120.4077,,13312.20331,20241.52542,1271.979025,,8310.759384,,24371.59885,4542.33594,17857.94138,9173.656582,,6964.279921,2030.524527,8290.554424,30926.5056,37718.30413,,1278.643314,1331.992577,8179.397266,1369.737699,1001.329176,4034.236903,16845.83867,6419.860534,9329.813174,4548.031154,,2706.083826,1263.801729,4999.09094,95549.97018,29068.59386,38023.16111,9427.169866,2734.591228,2037.99834,11078.0766,2282.858299,,2091.490298,3129.657961,1784.21566,2167.019758
2003,8937.702467,927.8575479,4994.585474,10019.67993,,,3822.127628,17463.35539,11025.18552,4043.663101,30355.73238,29732.1296,32109.13812,4716.377612,29362.61408,42860.48222,1523.79715,13368.4474,7367.193779,30899.06542,6467.829782,1936.88123,51379.34248,3480.089714,3677.638725,5373.217922,9790.967328,9733.770816,,72755.733,8407.785466,1072.46739,541.7644683,3420.162625,1344.624804,2156.691396,32219.42875,,684.9566262,1002.795037,,10841.32382,3937.209021,7319.543742,1894.206453,460.7701526,3654.110706,8787.790371,2199.900958,13550.3487,,24358.34994,24253.16334,19426.38627,30786.72547,,7070.44996,7226.721281,6513.299404,6334.571714,4807.717661,17891.47579,1553.454922,13123.02805,5378.01045,503.9725938,,6520.711363,29019.77327,28141.91485,,14199.2359,2011.810755,4157.879407,29875.49426,1989.767078,,23870.50815,,8862.539347,,5208.761825,1345.239749,1080.240975,4566.413409,1403.601024,2824.608203,31165.23153,15464.41134,32619.86491,2472.103741,5465.264202,12342.72858,5920.964185,36238.34818,,23818.48605,29165.04967,7056.150577,28924.68195,6780.377678,11119.88781,1693.256527,1658.863228,,22074.01428,5021.200759,68071.04864,2157.265386,2196.991651,11011.10906,9189.07132,1460.511666,725.3847199,19998.57896,,12067.90091,60040.23125,42742.08911,1274.20009,683.1300311,14369.82821,9678.550809,1422.56133,20781.60167,2710.465424,3183.320395,10386.3468,11482.44959,2759.388521,4004.961,,4418.143794,7332.827866,4281.401808,606.9704723,1341.340553,5722.878939,,1304.303183,34112.31879,,23968.39735,2998.111147,844.1213434,2964.36306,6502.733064,,38551.55411,36691.63852,2898.032945,10787.8029,8951.670374,2106.823758,6876.798505,5697.430252,3835.916705,12257.33485,20828.32592,25956.53488,102758.2345,7551.723116,9254.537201,779.9258574,4226.804185,58682.45153,2001.066219,41441.85378,2079.526872,7637.412181,13767.67706,835.95782,48756.56255,,14165.61206,21089.30425,1344.055352,,8608.736171,,25018.76109,4860.337881,17340.02482,9673.441429,,7622.948308,2166.786587,8871.532498,31780.11504,37713.96138,,1419.393195,1407.386801,8863.741036,1329.549403,1061.184032,4171.913068,19539.48092,6795.616734,9604.02371,4736.923441,,2628.841103,1327.694902,5621.903077,99238.33634,30262.05552,39496.48588,9686.474701,2869.680924,2110.139082,10224.90651,2462.501396,,2367.637065,3212.939984,1894.349496,1827.866081
2004,9542.073609,925.4416162,5422.802952,10591.37471,,,4207.120526,18717.72024,12214.74008,4614.862114,33053.24653,31299.84952,33743.19828,5245.425251,29869.39793,44185.44503,1620.424729,13873.84569,8489.484087,32034.01508,6781.735236,2015.637506,53635.84137,3723.426756,3863.454139,6200.652275,10144.54499,10445.34451,,73808.52672,9193.156479,1117.465432,565.0423505,3813.705901,1499.086925,2302.116143,33795.6837,,730.7484539,1325.095284,,11812.63497,4425.661071,7806.050138,1936.013281,489.4199936,3768.414492,9279.559826,2239.75497,14534.50095,,24637.58086,25921.35166,20799.25127,32908.83236,,7452.326953,7506.733761,7117.171715,6648.429018,4956.555345,24283.69501,1547.725867,14521.35657,5703.511323,571.403849,,7035.783928,31173.45109,29034.12479,,14315.03503,2142.753869,4545.293132,31305.43091,2104.811019,,25437.37821,,9012.576276,,5401.532156,1386.437434,1113.757473,4758.868421,1368.019456,3006.695955,34518.38981,16228.99393,35608.22761,2695.893697,5816.181493,13070.55911,9134.933646,38669.39904,,25208.03624,29527.89483,7300.063824,30348.04174,7361.380522,12428.836,1778.543464,1644.954584,,23785.28724,5287.485198,75700.9083,2342.492743,2363.315073,12199.20747,9667.997367,1534.648914,750.1450381,21116.61039,,13031.53327,64051.82503,54287.86382,1336.76533,721.4126314,15450.0455,10248.25024,1437.30406,21336.32361,2757.248092,3328.105268,11058.2433,12085.76007,2753.504597,4428.072832,,4963.623692,7835.185552,4553.555494,653.1599014,1550.912815,6499.015008,4390.341464,1383.467211,35777.31075,,25080.93826,3198.371132,838.2530064,3241.724448,7080.163713,,42511.36727,37240.04624,3127.690789,11595.39035,9701.820755,2176.646248,7223.356771,6084.895398,4115.768911,13341.15827,21458.37186,28981.39847,113857.3559,8982.148172,10226.76615,848.3433517,4513.227054,62180.62483,2087.583577,44601.78641,2204.703299,8479.917193,13786.28654,875.8797585,54301.69775,,15212.51348,22740.29537,1411.468426,,9131.268581,,26119.93003,5218.681236,18298.2415,10571.12115,,8139.55948,2247.833136,9769.884839,33827.9147,39170.18109,,1579.5858,1510.495287,9608.546286,1335.847101,1052.025686,4242.379484,21550.53736,7356.779441,10860.11352,5055.939296,,2624.523401,1410.603839,6521.610859,101871.5094,31964.78168,41712.80107,10451.92492,3130.132663,2196.248102,12207.7179,2694.45806,,2615.172132,3333.061241,2029.174927,1762.520502
2005,10155.26328,1023.05163,5865.324803,11406.00704,,,4816.706304,20253.77387,13568.76676,5455.422185,34050.47157,32575.06925,35013.71404,6850.813019,31260.83313,45400.49528,1753.874295,14815.95644,9642.429792,33177.89095,6945.53196,2052.528339,55869.63251,4056.183813,4086.373881,6479.676121,10733.22389,10988.95868,,75213.75511,10291.47048,1215.573711,569.2745851,4146.084861,1723.314446,2357.048117,36211.0846,,745.5728631,1545.738953,,12746.58339,5053.756155,8324.756249,2004.634313,518.8402392,4057.368145,9799.04396,2300.122232,15303.91322,,24932.89034,27763.27611,21956.38386,34150.15946,,7712.208308,8356.012994,7598.946244,7033.919573,5224.75785,27963.06516,1575.13894,16624.91204,6208.002453,640.6583194,,7272.437413,32051.794,30498.57929,,14755.38102,2091.551514,5169.062434,31794.09601,2241.28723,,25577.52408,,10495.23801,,5633.134539,1442.758295,1169.45391,4808.621991,1412.947367,3210.347295,38056.69722,17073.55143,37233.19831,2953.109251,6254.614326,13745.92002,9611.747707,40437.77458,,24831.44992,30130.64446,7553.193136,31663.4531,7945.106381,13934.72114,1889.787886,1744.974858,,25186.86757,5777.205674,83689.1956,2384.178026,2569.536512,13836.85561,9955.016318,1645.361804,793.4941792,23987.55036,,14526.07521,68220.06448,59079.78832,1401.930266,748.4797132,16454.21794,8940.432454,1528.692945,22263.78261,2866.939653,3621.096346,11536.87669,12657.63719,2910.789354,4920.413061,,5424.240853,8313.67164,4793.267493,697.7674931,1801.919376,6762.570796,4551.459547,1457.54957,37625.56171,,25677.41908,3392.591973,892.1321843,3467.105106,7759.72287,,47797.52995,38326.2046,3357.363405,12495.8879,10527.46932,2335.161838,7485.08178,6610.890519,4370.373938,13895.85339,22725.27749,29332.65213,109856.1953,9602.126558,11822.34693,939.5198685,4816.581712,64812.4483,2250.633381,47161.11299,2340.569691,9181.735046,15424.3274,908.4698623,58717.21715,,16639.39412,23852.64328,1497.183034,,9790.637243,,27606.93405,5670.955129,20462.10425,10749.32734,,8593.844738,2422.966783,10405.61621,34244.46502,40572.26318,,1704.535656,1627.470513,10256.33483,1385.900279,1007.661153,4413.484858,23485.43992,7784.794716,11887.86395,5829.435537,,2569.873659,1498.423974,6977.258912,97669.99359,32668.22632,44114.74778,11580.37173,3412.029678,2326.010727,13657.81451,2960.641054,,2912.456367,3526.67551,2185.943627,1705.569697
2006,10981.65504,1077.761907,6558.638934,11776.41993,,,5338.740473,23170.31627,14951.72819,6411.806636,35167.16636,34290.52448,37616.74016,9387.109349,32401.64894,46200.87689,1901.716187,16098.0945,10994.76674,35216.64971,7307.060872,2135.262731,60404.00041,4412.469786,4335.383088,7405.055694,11742.52462,11642.44395,,79772.6751,11394.3456,1291.485516,598.5076762,4552.239123,1936.882326,2444.753943,37995.0048,71391.17499,789.210792,1547.584763,,15753.96299,5836.277971,9035.566476,2069.886352,545.1514742,4295.730265,10677.01305,2354.291344,17428.29783,,25445.7018,29979.159,23772.47213,37289.36184,,8300.592531,9274.89252,8037.883279,7606.756427,5591.442333,29646.21081,1556.662291,19310.00474,6743.04907,711.5872352,,7573.553857,34413.57201,32429.39271,,14366.10713,2078.640985,5860.358401,34119.12377,2394.930061,,28514.72598,,10354.21384,,5993.15214,1471.991884,1203.451819,5207.01269,1464.636044,3443.769506,41697.07763,18339.61807,39087.3572,3237.294799,6708.575594,14702.95846,10699.5651,44197.54977,,25665.06643,32414.46616,7965.497382,33090.19626,8514.418684,15725.34653,2016.604595,1758.459498,,26877.9921,6170.298379,88660.11025,2505.465168,2829.042452,15742.43171,10281.74089,1772.343197,853.7920324,25925.375,,16481.7946,77938.20012,67443.49301,1478.50279,785.7325285,17549.59826,11336.64307,1594.965013,23219.91715,2946.295217,4290.200245,12406.32643,13808.17762,3018.000367,5327.4283,,5989.655303,10446.09965,5250.52386,766.7003689,2084.249644,7335.153684,4984.016628,1532.997512,40964.31464,,27759.04625,3590.827177,936.9633109,3690.840171,8583.375074,,54095.15569,40486.65157,3579.96241,12837.98701,11570.99557,2477.993255,7960.499552,7262.257826,4657.708791,15139.49933,24652.94997,29920.8258,120837.3512,11542.67513,14912.23393,1033.517891,5027.896829,68453.56861,2464.244675,48552.53335,2407.340749,10196.84432,17027.84417,944.7694539,63910.0847,,18891.23977,25689.39549,1611.374058,,10518.41863,,30683.16047,6242.373143,21056.84722,11621.05953,,9535.598515,2672.271792,11210.72913,37684.65163,45098.80792,,1843.707963,1736.731731,11024.84888,1340.474071,1037.700332,4474.59379,27264.58326,8362.836088,13619.17051,6588.036682,,2672.208254,1657.172549,7775.60693,95678.28165,34761.16781,46298.73144,12406.37334,3731.413015,2537.567155,15219.71335,3232.81316,,2810.803378,3643.454856,2366.760173,1685.363083
2007,11744.75093,1228.704135,7275.804301,12311.4348,,,6024.339584,25586.80717,16570.01117,7551.635907,36621.03511,36546.47319,39389.68501,11957.39117,33117.47052,47533.08856,2065.154477,16820.41363,12317.4565,36752.98285,7347.215256,2258.491878,63432.9958,5302.710291,4575.663742,8188.019046,12780.63707,12549.92798,,81013.42217,12798.09296,1339.7384,615.2304984,5316.933324,2159.623188,2562.263539,39451.31953,73399.68824,831.6077915,1586.396204,,16941.83598,6810.290548,9781.969509,2091.755023,575.7491156,4194.633716,11699.90395,2406.778943,19353.61586,,26251.05177,32847.4741,26122.98828,38965.67298,,9055.277027,10098.69355,8294.641405,8219.482536,5823.174028,33506.40686,1578.904771,22168.645,7185.803036,792.3537912,,7634.123167,37799.03763,34085.86963,,15187.81767,2134.51636,6810.190837,36249.77361,2500.804217,,29289.80541,,11255.85642,,6414.104777,1578.982242,1245.399555,5721.215654,1529.620559,3671.332883,45194.99697,19044.41879,41157.23315,3525.314449,7229.538092,16150.33472,10953.52619,46756.30097,,27460.31044,34105.72055,8255.179494,34501.50873,9059.180605,17384.92451,2152.221463,1800.754894,,29059.76568,6743.315038,91473.46238,2766.05448,3073.743337,18125.9764,11522.57025,1910.807987,923.5150096,27896.2987,,19094.20254,83975.63557,77578.04501,1559.227329,859.8979223,18784.48219,12251.76701,1639.392599,24891.48886,3093.465138,4196.493605,13407.97741,14290.06724,3069.168534,5647.72573,,6689.45971,12446.416,5516.874269,824.9519184,2381.406102,7797.754447,3942.479154,1608.390925,43893.5271,,29387.5812,3821.56905,955.4129517,3934.842374,9242.314008,,55872.42527,42176.81942,3766.855583,13626.28261,13066.84303,2678.298444,8495.095926,8026.609755,5008.201407,16786.66424,25706.38008,30545.67416,122883.5489,13685.89298,16648.24164,1113.910001,5454.115735,74380.64071,2540.201713,49394.00348,2526.431712,11224.59479,19209.15833,1020.251561,68628.38256,,21200.32864,27541.48384,1735.89457,,11233.92972,,32435.78423,6795.344794,21552.49023,11971.64567,,10126.9725,2976.974773,11960.97979,40862.64791,49742.72269,,1999.687246,1851.173107,11869.67391,1488.045011,1025.043273,4365.824859,29196.00116,9071.622836,14848.24495,7420.560964,,2889.413134,1787.602821,8642.21388,87101.68305,35597.40038,47975.96768,13547.14753,4135.335084,2676.832698,16748.71374,3522.938206,,2998.916986,3758.164514,2563.944007,1653.747245
2008,12285.2595,1272.573204,8228.336609,12643.55561,,,6578.60518,25657.99856,17404.06871,8300.483424,37249.45046,37459.30765,41316.22518,13200.94071,32373.30647,47847.78695,2206.509932,17190.94622,13885.74672,37883.33194,7554.675756,2347.922705,65267.6395,5608.477759,4868.444128,9028.824303,13552.61767,13312.76342,,80036.11316,14335.69643,1401.957727,636.3321807,5711.323428,2314.462178,2629.886965,40275.9899,72404.99821,849.941448,1612.145643,,16501.80692,7574.125356,10179.24415,2165.068837,603.2879075,4362.164753,12318.46342,2460.247093,20776.33697,,27005.29252,34830.16612,27844.79533,41278.32683,,9884.291475,10491.61958,8845.5545,8820.716727,6063.286025,38407.87968,1420.739661,22830.09032,7334.465868,870.7155278,,7777.692692,40083.69727,35095.26296,,14517.82852,2244.500595,7132.205275,37802.38743,2711.876158,,30856.01183,,11554.30821,,6624.490975,1638.249934,1278.246751,5945.057076,1547.877651,3816.835248,46773.87758,20696.72857,43318.35247,3650.942934,7710.666075,16326.32364,11883.36532,44283.73011,,27433.06349,35523.27131,8306.483961,34798.7659,9448.385745,18086.24159,2139.158869,1756.730343,,29946.07749,7249.512759,90096.46961,3027.863024,3321.91527,19466.07461,12819.02193,2079.0436,967.9465441,28792.87229,,20744.07355,86693.89512,80068.55983,1648.504297,917.0580953,19695.07704,13345.01164,1693.719835,26193.04582,2934.230051,4142.721087,14353.11306,14924.82175,3080.080072,6218.499816,,7319.099673,13816.52731,5886.670825,877.8643156,2660.177816,8012.799673,4887.977878,1721.244251,46420.20168,,29862.73241,3974.763129,1010.795028,4170.732886,10417.96195,,61716.59971,44936.47354,3818.071941,13433.88251,14373.64737,2656.864451,9085.540163,8857.865101,5239.727054,18310.35778,26665.8373,30745.41586,125011.137,16782.20705,20163.60942,1229.085289,5579.016411,74527.86293,2722.688369,52047.05485,2609.140224,12632.06165,18738.61104,1070.512776,67576.86283,,23725.85776,29604.29123,1853.137465,,11661.27836,2910.540211,33263.2724,7287.585222,23119.65506,12629.84505,,10499.62996,3183.836948,12552.95224,42158.2957,52584.73495,,2154.916175,1938.720494,12244.8182,1658.537428,1058.28382,4553.276725,30633.13192,9538.441829,16053.80379,8561.572365,,3152.091628,1919.535482,9062.247362,79730.94911,36660.19256,48382.55845,14764.18765,4523.223208,2837.237368,17723.14727,3758.555401,,3155.095825,3860.432949,2741.245548,1374.170003
2009,12255.55192,1519.692548,8821.512664,12722.78719,,,6442.579618,22369.99356,16334.74001,7233.044937,33552.88982,40301.95776,40957.50075,14248.89246,30728.55402,46498.80416,2309.563194,16374.68983,14050.88031,37785.86817,7439.086488,2353.634208,61945.56203,5972.923401,4986.462438,9037.344147,12366.54007,13269.11857,,78297.70718,14188.16926,1411.127528,644.1046373,5613.700418,2299.387047,2634.677417,38794.93072,65885.13881,916.1872831,1637.803633,,16159.60523,8307.823409,10258.97084,2197.805399,604.8441541,4571.12511,12135.24979,2501.728522,20013.9201,,26890.91975,33917.4867,27620.19886,40370.22554,,9839.806461,10539.39782,8818.67236,9131.498085,5956.875098,37447.50787,1459.830083,20613.56268,7452.651059,928.6259394,,7653.435975,38008.81609,34711.44508,,14177.14642,2341.676758,6986.004547,36851.28209,2792.968181,,30388.3545,,10838.22428,,6585.064501,1595.240735,1298.200393,6195.692154,1582.912494,3674.233209,45872.58678,20693.72508,41937.09391,3912.418218,8021.747763,16433.25925,12127.62437,41653.24373,,27484.87097,34636.21643,7966.85701,33198.61611,9551.199034,17962.83012,2166.327181,1745.986907,,29644.43415,7506.875448,79424.26822,3101.336928,3538.647348,16936.93309,14095.5676,2136.795543,987.0071054,28430.09808,,18159.68129,82340.48949,80011.78705,1550.578172,972.6456378,19193.19048,12123.61642,1731.268201,26159.43065,2995.234351,4058.739692,14902.35421,14558.24481,3154.79213,5897.391828,,7167.241428,13034.67735,6107.380459,915.0166272,2944.333172,7951.277501,5347.041951,1798.354941,44599.82056,,30703.83056,3820.541483,998.6479259,4420.974183,10922.75793,,55417.50224,45954.85643,3868.743964,12979.86799,14405.10814,2791.714612,9008.712397,8951.015022,5268.495155,19260.9242,26484.36829,30541.06419,122424.1726,16647.85475,19389.94118,1281.102725,5313.75775,66510.57366,2734.02087,49933.18396,2612.154726,12546.04315,18599.62547,1088.374466,66149.00465,32614.52026,23102.81271,27564.23493,1737.972509,,11409.57207,2944.009287,32123.2508,7550.294887,22162.37257,12207.43291,,10367.7389,3225.055192,12880.69054,40318.22625,51808.24729,,2208.447453,1998.2977,12191.41348,1805.857155,1095.263723,4669.997988,29366.15632,9798.982898,15501.59526,9021.142077,,3003.298324,2001.315193,7818.303854,68166.44441,35029.99462,47099.98047,15464.2622,4842.245463,2882.471224,17042.68328,3952.73415,,3363.596651,3928.229846,2933.131216,1532.821096
2010,12897.70234,1710.575645,9635.183332,13095.86782,,,6587.986901,20611.91407,18061.93436,7506.308865,32624.20909,39301.60265,42037.49048,14926.63764,31090.26448,46873.09888,2439.069568,16127.81138,15349.22813,39866.72727,7563.95958,2364.118351,61837.42573,6693.506149,5167.113773,9354.550815,13352.30022,14299.5517,,80277.54569,14872.37421,1502.10347,663.0547952,5692.433557,2427.243314,2681.886817,40019.2054,63298.17765,958.9204484,1819.694767,,18161.80392,9253.758638,10731.64568,2252.890772,633.9131237,4878.074711,12725.15233,2522.36493,19776.1961,,26884.27092,33445.90649,27688.14266,43031.80733,,10017.62053,11410.34875,9090.308234,9522.510199,6127.039118,32965.89959,1485.198435,21809.42391,7771.360632,1028.324031,,7914.082517,38982.53342,35926.90563,,14837.07183,2434.891249,7564.063061,38978.7437,2973.832821,,28169.49002,,10862.86744,,6728.246726,1653.718154,1338.984566,6512.324954,1527.768855,3778.460561,49185.23074,21586.03614,39606.59579,4236.744324,8505.748535,17388.89561,12717.01756,43327.40242,,28824.19399,35181.96842,7900.210723,34986.99454,9384.458915,19225.07691,2311.976876,1716.059227,,31740.45956,7782.947105,73965.97061,3085.651936,3822.627142,17600.41724,14961.74399,2173.572399,1022.056747,29895.2196,,20053.90408,85677.63344,99166.90273,1534.891278,1021.858988,20508.75245,12712.20418,1787.161555,27829.82422,3252.367857,4092.08467,15698.52215,15260.62055,3265.69266,6396.089272,,7581.563396,13645.15403,6332.123545,959.0600426,3243.000489,8377.434644,5970.738366,1897.781558,45074.03994,,31261.93953,3981.045609,1054.102947,4703.205009,11282.2495,,57958.37436,46076.17023,3890.290662,13411.10076,15153.52762,3039.786237,9993.03297,9730.423115,5626.281401,21064.08518,27280.16586,30925.40083,132048.1337,16979.0733,20490.12672,1355.539146,5360.970588,62761.4508,2876.891114,51529.83578,2662.686941,12806.86247,19387.86253,1134.088556,75294.35655,34232.35511,25171.61311,27845.51199,1832.831573,,11721.55506,3020.950547,31703.86576,8194.269658,22094.67597,12413.398,,10139.81854,3168.551784,13548.40519,42252.14669,53107.38549,,2328.444563,2088.098056,13195.37188,1964.515487,1144.331515,4889.298528,30528.82418,10155.48117,17438.8972,9810.608197,,2925.616097,2071.696425,8245.375241,64881.85646,36367.92053,48467.51578,16817.06904,5124.122722,2888.738336,16740.36942,4213.295913,,3584.086975,4162.088451,3178.872797,1830.828054
2011,13583.29836,1699.487997,10207.76944,13500.47566,,,6710.750346,20347.18454,19322.22712,8025.452905,34326.14482,41965.35842,44452.73275,14804.57445,31522.60503,47377.57244,2620.822484,16304.38242,16543.04373,40942.37271,7684.817622,2416.327107,61550.22479,7295.842805,5460.25549,9976.496637,14252.71293,15040.05818,,83935.01251,15661.20193,1586.571556,681.9716213,5966.871922,2611.30599,2773.896667,41569.44962,64013.63594,1012.658089,1797.74936,,20342.57092,10299.87111,11604.01283,2337.057388,668.940861,5008.388803,13387.57215,2404.04228,20743.52773,,27224.40097,33313.57915,28797.41796,44403.38484,,10198.54896,11869.13398,9857.521816,9686.046378,6465.874715,34280.25489,1625.506156,24777.46819,8057.541253,1134.784848,,8263.064602,40916.83858,37440.63863,,15638.69147,2215.751109,8360.297207,42541.53109,3379.484998,,26141.31959,,11115.70696,,7025.674554,1743.947101,1439.289881,6969.708502,1621.230334,3928.268075,52277.46644,22894.34764,40767.23551,4493.667896,9095.733633,18008.80252,13515.54813,44855.3247,,30539.96337,36598.01497,8159.884828,35774.69671,9313.257679,20779.44551,2437.881,1749.233461,,32546.75365,8222.225939,78178.0723,3297.366837,4150.824173,19789.47784,14668.51067,2328.231961,1093.541137,11482.09882,,22823.95416,92005.01684,120358.9319,1548.327823,1062.954455,21704.74958,13542.92749,1826.647792,28601.70114,3285.582535,4225.568913,16653.2438,16520.25851,3422.289681,6913.602292,,8912.857305,14472.47919,6712.326003,1023.066111,3469.139221,8830.223647,6670.33905,2001.628304,46599.02103,,32743.90075,4263.154888,1059.685982,4922.702617,11611.24772,,62076.74066,43517.85927,3993.550131,14527.31939,16923.9164,3069.758099,10490.93554,10476.7949,5865.343674,22850.63885,26769.51189,31824.15484,139358.3543,17907.66167,22798.67443,1457.122365,5655.137396,57943.44687,2997.152472,56132.95753,2682.693606,13746.94867,21922.73953,1203.210272,80052.3915,37233.96838,26049.79238,28931.38371,2064.595803,,12172.31474,2844.516128,31867.97324,9007.657363,22768.3058,13256.49611,,10302.42035,3673.486902,14475.01851,44608.58026,56183.83259,,2496.581231,2228.705387,13519.12842,2084.59193,1210.142114,5151.454825,30888.02903,10067.90622,19651.67848,11294.94843,21231.92553,3180.104184,2241.123406,8909.659608,67686.39295,37161.55413,49886.81811,18002.85108,5489.078964,2905.904722,17527.44779,4523.243719,,4010.599798,3607.090263,3323.939045,2101.825192
2012,14125.56342,1914.774351,10526.29502,13303.4155,,,7412.965263,19597.59032,19641.35286,9364.407767,33569.1865,42826.78958,46457.34578,15957.71885,32216.49207,50675.58204,2937.588452,15310.006,18071.5056,42290.76205,7272.870015,2498.497313,58563.34541,7912.133367,5921.64949,10304.07475,13590.51537,15046.28988,,88247.72774,16241.63307,1619.400012,690.6881405,5818.972162,2868.737515,2855.446156,42290.96541,62801.22815,1102.026532,1730.793693,,21507.7074,11197.5979,12018.35732,2511.485162,669.567462,4897.749802,14091.52889,2626.068383,21136.47821,,26175.4939,31834.67636,29047.24644,44803.96824,,9945.288446,11900.491,10311.4026,11092.74326,6541.166341,37570.6354,,26190.55295,8266.681516,1213.596465,,8839.474989,40873.09533,37679.12178,,15356.19154,2199.788143,9826.052753,43359.61483,3781.866256,,25284.46408,,11164.43872,,7320.153417,1795.448313,1355.315252,7380.61593,1590.016853,4032.581323,52234.59232,23148.12788,41926.34162,4861.146371,9713.873158,15950.10453,15163.35062,46256.56888,,31693.91787,36486.29679,8187.182151,37191.38595,9111.60944,22032.17586,2530.347985,1837.991938,,33557.12872,8477.469769,82680.38125,3618.149726,4841.643061,21291.23124,14816.87782,2354.102063,1174.049107,24285.30012,,24645.69354,91622.17742,133521.443,1530.934508,1034.020079,22985.82538,13690.52841,1763.839478,29423.39961,3258.500774,4262.064847,16963.51124,17162.92752,3388.224357,7363.162319,,10227.52665,13863.96478,6702.418324,1035.523961,3727.142063,9341.076891,7407.286562,2176.149302,47272.10302,,32996.34541,4427.932029,1150.523555,4982.946471,11839.70875,,65354.77925,44569.88624,4018.703769,15168.30838,18679.55255,3206.196245,10022.12546,10767.67806,6296.827679,23833.2097,26438.0163,32582.62241,141634.9725,18931.65449,24303.47341,1495.911215,5480.605908,54447.092,2954.579167,57364.43222,2764.783809,13933.91998,21565.038,1405.574424,82064.96119,32878.44088,26933.42222,29042.82027,2142.507048,,12057.26871,1519.142464,31720.12,10315.18025,21486.87409,13080.3874,,10457.15843,4102.80843,15785.1819,45432.43197,57849.58399,,2750.356111,2099.454349,14870.97818,2320.073922,1227.156159,5339.532136,30063.2604,10217.12509,20616.86987,12057.19597,19069.88399,3086.009247,1997.533958,9343.33074,69102.49129,38311.8972,51610.60528,18192.33509,5712.824303,2930.914618,,5042.449686,,4631.233213,3491.204325,3422.626326,2375.930267
2013,14645.8618,2015.514962,10570.97718,13056.78872,,,7682.477158,18796.39395,20131.68042,9835.833011,36477.77939,45902.04795,47922.04912,17188.94551,31855.29977,51494.41172,3143.518357,15334.72037,18948.46847,43671.11959,7226.994831,2669.689821,59474.59848,7989.655431,6624.805273,11016.54419,14707.7017,15588.72621,,83787.06062,16581.77059,1683.107411,740.9842308,5792.829274,3045.590555,3002.610781,44298.57873,62441.04907,738.4753903,1569.059772,,22439.27836,11923.75202,12727.27906,2636.49431,753.4851364,4761.545672,14651.15236,2828.401341,21769.18988,,25921.15841,30375.10632,30485.71415,46726.85414,4103.955142,10146.34798,12482.1646,11153.6845,11221.38191,6877.153044,34766.01158,,27642.58537,8708.795992,1283.570926,,9536.260248,41493.14165,39523.85395,,15114.36919,2121.486392,10611.77412,44993.89275,5259.618069,,26097.8719,,11887.57767,,7446.587991,1811.334347,1364.385265,7901.951452,1680.964098,4142.239868,53691.83748,24498.17916,44157.55212,5057.217581,10067.42225,15273.84631,15535.35112,47897.29166,,34145.7126,36314.6971,8442.031543,38974.07949,9215.339765,24504.76752,2767.402811,1921.614459,,34244.31214,8805.379754,78058.51287,4042.893053,5289.476389,22692.81035,14972.71648,2621.936623,1339.301184,19869.11098,,26679.97857,95590.5387,153609.8402,1535.489162,1108.513657,23478.0318,14774.15009,1812.965118,31078.43944,3425.601546,4481.255364,17866.30682,17373.89702,3276.300535,8381.671833,,10549.85911,14870.173,6916.015457,1084.985842,4016.316693,9709.591641,9351.513568,2349.625078,49241.51784,,36231.10046,4610.305065,1119.837709,5225.174455,12653.55229,,66961.2531,42201.40462,4103.584078,15245.61141,20809.91213,3318.804771,11086.74562,11295.96289,6614.683925,24719.24751,27936.03966,33172.67126,138230.1373,19797.26555,26073.87453,1550.288162,5505.993534,53466.73642,3318.885261,55907.39417,2749.221591,14629.03831,22369.39122,1746.554465,83001.7878,32478.29896,27967.1723,29973.69911,2185.868783,,12450.4975,2099.235642,32434.0032,10852.06404,22152.01154,13489.11137,,10909.46504,4189.448778,16815.23333,46312.39238,60108.51635,,3027.81901,2194.924069,15407.66947,2483.1706,1275.325318,5313.805671,30059.89329,10231.72172,22269.03766,12739.18195,19761.58739,3248.194851,1997.911373,10691.76468,70374.22006,39970.99607,53117.66783,19130.04446,5942.396759,2956.516263,,5358.894732,,4729.142633,3688.519849,3578.85319,2560.777487
2014,15024.35575,2069.424642,11259.24621,13003.19323,,,8179.296007,19039.0045,19683.77151,10036.88984,36444.26206,46880.22066,48799.71547,17443.87826,32562.33142,51101.90053,3367.995525,15175.49564,18955.90703,44929.68559,7170.529464,2833.411926,,8666.419567,7056.82839,11433.16261,16300.83711,15718.56565,,81373.01807,17555.49504,1692.304397,777.0415572,5748.173874,3185.336898,3185.355149,45753.75055,63067.41992,720.3234642,1677.090699,,22786.6556,12549.77174,13306.99867,2716.827525,849.7607955,4700.528126,15622.93048,3127.479168,22062.07295,,25379.2977,30042.82711,32263.31575,47901.44736,4289.086748,10910.29745,13475.01647,11713.1715,10895.94485,7233.190625,33696.12641,,29135.7044,8796.98244,1513.703841,,11346.86721,41757.40219,40144.02683,,15370.97615,2027.031349,11575.54721,47011.55109,5454.143893,,26838.45523,,13041.81611,,7758.493152,1804.54215,1378.232654,8165.721013,1718.933916,4452.583019,54781.64716,25604.98821,45714.79266,5233.868543,10278.13992,15235.70484,14267.03561,51067.97671,,34212.94449,36194.87392,8544.230186,39179.15561,9050.628455,24726.47287,3021.433123,1917.627413,,35324.49767,9043.183283,70082.42486,4281.824074,5873.755489,23844.29632,15026.33614,2871.684565,1381.940254,14303.01749,,28156.18584,101297.5757,154095.7039,1555.82338,1078.980573,24607.70746,15993.16898,1915.368491,33387.07263,3443.028342,4295.049304,18488.04679,18045.98446,3215.174624,8827.054108,,11056.30981,15371.12201,6609.609108,1139.053569,4245.80704,10400.76954,11009.45167,2593.438375,49233.2154,,37276.94397,4941.71653,1137.220911,5507.1704,13368.18238,,65892.68928,38811.10361,4238.594521,16195.01252,22897.39549,3763.077881,11425.66114,11510.28385,6960.900647,25612.25783,28742.44038,33682.85003,129068.8681,20623.26246,25761.64802,1714.572118,5570.620554,55420.29306,3817.417926,55725.39756,2830.699106,14659.54911,23889.78373,1787.64913,84423.19134,33013.23271,28991.56583,30870.02367,2216.265053,,12520.71375,1495.509612,33525.74063,11256.85605,23951.27439,13761.12341,,11310.13101,4734.833046,17261.23158,47184.66913,61902.16241,,3303.096196,2243.625706,15480.21135,2721.056497,1328.380291,5567.035411,29698.46095,10446.05139,23967.11803,13490.98716,21583.23637,3319.10486,2071.449012,10743.58636,73619.10058,41265.93809,55047.72556,20093.65361,6158.502459,2997.162069,,5745.158585,,5008.302272,,3539.434996,2612.46153
2015,15172.17452,2087.305323,11661.97687,12015.64908,,,7337.569559,18912.31748,20105.19899,9969.685301,36765.11607,46276.15069,49879.26647,14938.40113,33542.15359,45686.24664,3555.50551,15510.82429,18041.2425,46213.26653,7244.391078,2886.831867,,9500.768189,7133.874461,12013.91994,15547.17588,14744.11291,,62541.68036,18341.96059,1713.519379,841.6463572,5994.372832,3388.73742,3260.524969,44671.44068,64230.41201,787.0130816,1820.059393,,22688.01003,12978.76857,13265.79726,2709.600878,905.4504568,3338.900972,16586.35303,4652.890621,23013.49805,,25090.20812,31722.21621,33691.42424,49058.50107,4574.474876,11139.94898,14740.8197,11060.28763,11512.40239,7597.68557,24042.49709,,29397.12984,8843.699095,1657.345099,,12412.42213,42509.13131,40860.91122,,14699.56624,2066.859359,12089.16941,47683.7886,5117.337095,,26902.52532,,14152.41757,,8194.440681,1819.363616,1597.208851,8365.612084,1704.930581,4823.389044,56408.93627,26668.04088,48854.34544,5464.859141,10247.20638,13588.4676,10391.77771,69056.04604,,35436.81087,36909.32837,8791.297949,40396.24321,9331.339833,23224.11784,3361.977348,2110.117273,,37907.50031,9575.75488,47230.62319,4214.829509,6168.477642,24830.92297,15067.7746,3093.710719,1292.096518,12220.0234,,28823.81809,103750.7751,117110.1878,1546.837114,1018.935262,24801.88695,16768.69732,2032.665667,36083.36776,3519.218145,4200.155677,19229.83549,18284.88284,3354.508153,9254.848605,,10767.1332,16337.1426,7024.963089,1291.267986,4416.546732,10574.14799,10963.95195,2633.39531,50302.06775,,37530.03908,5293.865358,1143.273529,5426.332967,13831.1228,,60385.11676,31113.59125,4373.014234,17977.53101,25319.22938,4081.298244,11471.49423,11572.32269,7186.768858,26856.28883,29668.8592,34016.02235,92968.09041,21631.49769,24085.32418,1813.750518,5831.52564,55598.21607,3837.729243,48611.14527,2971.344983,14922.05991,24067.19459,1586.688648,86974.74762,32520.0929,29924.12155,31636.75003,2235.826964,,12552.34013,,34912.47613,11557.48705,23921.99162,13551.74682,,11641.84016,5047.927788,16072.21626,49116.30784,63938.97998,,2991.653596,2348.443729,15822.35326,2916.823573,1397.333165,5849.717335,27510.40683,10208.73928,25625.57463,13690.60427,22855.1657,3619.410338,2111.494107,10164.32733,64901.85202,42518.14126,56822.51882,20217.58414,6343.149742,2953.102197,,6102.637264,,5400.655659,,3430.403576,2679.510136
2016,15583.56532,2128.988026,12002.9319,11624.31583,,,7103.225938,19918.79063,20307.87005,10704.23341,37359.37344,47349.92795,52633.25429,14371.02274,34182.60462,44790.08785,3849.110987,15952.07031,17725.75218,48608.95778,7179.462319,3004.809187,,10457.2018,7499.778858,12990.01581,17260.26359,14256.16325,,56296.01977,19885.78187,1893.696435,796.9443873,6322.841809,3675.037921,3405.057589,46480.46536,66490.48877,851.0719211,1664.511672,,22710.01706,13572.62073,13952.13615,2863.870042,963.6693089,3397.563518,18008.59989,4726.983121,24718.12968,,24808.40367,35388.83253,35876.72744,51970.7498,4692.575942,11949.53406,16109.85592,11034.26985,11192.37289,8038.625529,20458.81227,,31231.47115,8762.409643,1878.812497,,12632.01356,44929.90878,42920.26682,,14286.25374,2068.742988,12858.4834,50564.25131,4890.018963,,27823.36184,,15025.82166,,8221.746427,2078.593007,1746.749806,8830.397993,1757.385146,5147.244578,57221.41376,27699.63094,53025.43951,5839.898589,10494.56047,14011.54513,9897.001441,71921.71705,,37843.97781,39922.90848,9193.375792,39970.67985,9283.870671,23818.82483,3635.265028,2210.969175,,39567.01662,10062.10826,44685.35062,4681.174733,6843.561582,26404.52569,15487.10925,3063.028826,1379.055624,11108.71684,,30924.93094,110649.6966,115698.0592,1606.666934,1025.010957,25546.00923,17411.05432,2188.081627,38699.6095,3585.710747,4700.104005,20701.21897,19314.25736,3380.736875,10610.47784,,10742.65309,18085.02979,7112.999215,1363.674365,4492.018321,10372.32493,10974.72774,2582.943673,52283.15685,,39990.55728,5694.0357,1140.98727,5234.67786,14983.16647,,58933.95578,28926.13819,4410.094753,18256.89903,27828.52345,4209.043661,12029.96623,12013.37894,7703.753729,28283.70144,31604.54631,34346.86733,83102.48567,24165.75257,24125.39886,1891.834452,6336.645642,57474.11698,3889.389392,45485.65957,3075.934479,15734.33289,25681.31267,1596.620542,89386.0794,32432.99343,29651.52413,33868.31558,2271.613906,,12592.48687,,37282.44251,12224.21577,24927.1923,14291.36489,,12456.95412,4415.769525,14206.51987,50425.15463,65720.14653,,3097.202027,2479.261261,16618.76219,3140.873946,1453.747599,6092.258366,26270.08901,10359.3024,26329.36017,13866.32472,24257.05814,3727.711339,2075.606228,11148.19655,63968.85387,44162.55117,57927.51685,20669.81236,6452.927938,3009.125533,,6573.096338,,5495.10553,,3404.663123,2806.458631
2017,16248.70718,2202.570851,13037.01002,11550.55546,,,7310.901738,19840.07612,23562.91883,12115.05701,38442.41384,48905.4172,54637.00128,14121.40694,35308.4134,47642.44829,4161.090135,15788.82052,18280.19892,50725.18631,7108.8667,3044.513887,,11142.39995,8423.696794,13788.48206,17253.23161,14519.84913,,60995.68111,21363.02909,2053.504418,773.5718584,6643.204611,3928.373688,3554.525156,48633.82978,69420.51146,912.8020523,1587.03106,,23663.88529,14344.4204,14316.48581,3032.254682,1059.810775,3448.537208,19112.40889,4830.751701,26595.73884,,25475.48966,37766.90166,38489.49631,55064.90886,4885.220563,11304.35971,16735.33259,11617.90876,11014.48614,8454.058198,22551.08325,,33820.91873,8493.901672,2021.561046,,13429.31593,47481.21382,44826.50747,,15006.76409,2072.65245,13589.70739,53011.76816,4996.638706,,29089.01401,,16217.49985,,8317.364117,2420.600993,1925.237737,8989.038274,1763.663261,5561.996312,59849.24818,29529.30923,55562.42662,6185.993893,10935.84175,14535.86306,10971.97001,78128.18158,,38966.66269,41784.62471,9598.370957,40858.88438,9841.169557,24862.96612,4046.208425,2240.544687,,41001.06689,10530.48166,50855.49996,5046.691535,7257.807932,28488.92361,16005.25704,2783.115662,1515.64325,13237.99853,,33821.19545,112822.6058,126918.2265,1584.422678,1037.545868,26648.32965,17988.69,2248.260816,41554.93791,3780.93897,5077.195472,21415.11611,19795.8685,3497.917295,11651.31745,,11311.79382,19627.08163,7314.154487,1283.65987,4739.910118,10050.50121,10682.23471,3099.306082,55347.91239,,41493.03413,6004.031789,1161.657065,5190.354386,15528.91003,,62940.5875,29083.23669,4571.414491,17865.79081,30454.76381,4353.270268,12594.34143,12506.53017,8120.842309,30152.74157,33086.09677,34363.74599,95058.46834,27191.66866,26005.97994,1975.252453,6495.387724,58860.75306,3915.732375,47309.1246,3203.900758,16534.33908,27242.65605,1642.606593,94940.97079,32256.33331,30907.42279,36650.80219,2337.642684,,12703.42124,,39575.53515,12584.10442,25355.51718,14945.759,,12245.01484,4362.578409,16341.44892,52739.01139,67139.04992,,3089.530208,2530.438453,17420.56515,3165.799424,1516.526046,6321.606933,26447.59327,10605.25721,27934.16733,14205.02158,25477.41616,3903.655005,2074.860241,11871.12362,67183.62656,45974.86435,59957.72585,21324.846,6518.804687,3121.114376,,7155.745829,,5754.779242,,3485.002103,3028.245976
2018,17024.73813,2241.923246,13833.9816,11750.37917,,,7097.118768,21614.06606,23282.63704,13014.99203,,51036.40589,56871.2114,14544.95336,36338.24768,47333.4912,4546.227418,16044.7278,19330.86888,52249.57346,7287.084978,3235.361695,,11613.16247,8859.773727,14932.37321,18050.25374,14940.67261,,61813.89516,22601.40349,2181.845865,779.4938184,7026.120161,4257.484976,3688.581534,50077.79624,72480.50701,955.1280615,1613.514935,,24765.23459,15602.94147,14965.89536,3139.205772,1111.517447,3494.985739,19873.13955,5147.587091,28038.68541,,25571.64676,39737.32519,40389.35761,57218.40645,5337.124925,11805.55362,18129.70864,11834.57087,11634.54685,8818.877207,20840.27477,,36358.02776,8809.15287,2153.149415,,14133.89333,49373.18396,46605.18634,,15091.28807,2194.822159,14593.50487,54456.92926,5317.011759,,30354.349,,17197.65807,,8647.821544,2557.380809,1995.172156,9531.884623,1808.876032,5806.101014,62513.0323,31578.7598,57742.15028,6650.112149,11639.86506,,10911.63791,84459.65164,,40261.33803,42816.20297,9967.768024,41335.52322,10086.44954,26147.04607,4302.999065,2312.254478,,42136.08039,11152.38103,51669.73342,5254.278486,7771.986954,30644.60829,15980.40757,2813.400913,1532.32917,15372.36735,,35831.86282,116786.48,135020.7802,1651.168811,1067.126779,28186.70494,18945.25865,2336.97532,43555.20509,3986.06801,5161.408836,22732.23453,20396.47771,3550.41595,12665.00369,,12196.75026,21236.47102,7613.142868,1319.972243,5147.854051,10166.33727,11758.09512,3329.49805,57565.19756,,42810.83751,5829.257301,1224.708549,5276.718424,16517.49901,,67640.18138,29268.55666,4851.612751,18496.43569,31781.84429,4335.899259,13153.16003,13084.00103,8717.047981,31834.4091,34340.71335,34921.13875,96732.66319,29213.84146,28763.51663,2137.850034,6478.707771,60750.44776,4037.852314,48719.86405,3393.00442,17563.16537,28657.40833,1702.54097,100051.4344,,32574.82314,38749.25198,2421.015878,,12928.79421,,40482.58901,13168.17142,26510.98282,15621.59831,,12760.58515,4258.775161,17001.34784,53746.79917,69357.48606,,3311.051043,2651.091047,18513.29357,3152.570867,1589.183015,6414.782721,26892.8681,11017.77777,28139.14376,15195.63347,27055.17351,4046.549672,2172.185054,12629.14166,68548.51472,46956.07776,62996.66482,22100.31064,6914.889513,3203.74158,,7765.400252,,5795.231559,,3604.628943,3203.888554
2019,17680.19085,2293.551684,14495.07851,11820.08768,,,6929.678158,22816.4522,22947.1398,14219.62771,,53320.26904,59110.56256,15000.8165,37265.8121,46891.85984,4950.743581,16286.97952,19943.29252,54545.15088,7295.230136,3423.551727,,,9086.060696,15791.67474,18502.81822,15258.85083,,64673.29857,24561.18261,2280.380037,782.8165888,7469.075579,4570.694289,3804.071711,51341.70517,,984.0280497,1645.094153,,25154.99282,16784.65935,15643.73145,3209.091291,1143.453225,3434.755675,20434.40843,5455.360012,29973.42609,,,41254.40459,42575.61148,59830.15424,5748.081044,12659.34451,19182.40915,11846.78056,12250.78041,9139.706334,19327.13832,,38811.14334,9048.178922,2311.704386,,14427.58242,51323.83338,49435.17994,,15486.06832,2298.378173,15636.55376,56052.42207,5636.95391,,31399.41567,,17956.1054,,8995.537873,2670.308947,2071.816248,10104.70119,1800.564561,5965.368819,62375.11937,33978.95509,60061.37059,7034.217224,12301.7529,,11332.14147,88240.90103,,42193.82559,44196.6931,10166.06278,43235.71757,10316.60909,27443.57117,4509.322442,2369.465528,,43028.89635,11838.881,51912.01213,5470.811536,8150.752426,32204.45784,15327.30896,2882.421901,1486.994898,15803.05638,,38214.20693,121292.7393,129103.0144,1714.447454,1103.643616,29525.57736,19698.23575,2423.828765,45651.575,,5412.419162,23942.13241,20410.70657,,13574.05143,,12819.94858,22988.6802,7826.167677,1333.518167,5355.27019,10036.59246,12080.07459,3558.399828,59686.83163,,43952.54843,5631.201573,1269.601399,5348.339797,17814.86118,,66831.86883,29052.4974,4884.88139,,32762.49475,4569.44618,13210.30791,13380.36442,9277.374369,34217.71571,36470.70677,35948.19196,96490.98387,32297.30337,29181.36322,2318.48623,6787.131426,,4128.062159,48908.48238,3535.568779,18989.03966,30259.96103,1789.588431,101375.7753,,34177.95276,40656.55737,2465.520643,,12999.12026,,42214.13039,13620.11848,27448.89535,16089.06767,,12982.89639,4122.526685,17005.42675,55814.51265,70989.25813,,3519.822017,2770.681172,19228.29468,3252.546371,1662.072345,,27260.81122,11201.34376,27875.19325,,,4465.230931,2271.649424,13341.21052,69900.87785,48709.70114,65280.68224,22454.65794,7288.765626,3273.914944,,8374.444328,,,,3623.699395,2953.484113
